temp_range,avg_fuel_consumption
"(5.098999999999999, 10.3]",0.1977653277789152
"(10.3, 12.6]",0.17211915218097396
"(12.6, 15.3]",0.16224439697251442
"(15.3, 18.0]",0.1543072971285337
